Index,Name,Chromosome,Position,GenTrain Score,SNP,ILMN Strand,Customer Strand,NormID
1,snp0000001,1,1000000,1.0,[G/A],TOP,TOP,1
2,snp0000002,1,1000001,1.0,[G/A],TOP,TOP,1
3,snp0000003,1,1000002,1.0,[G/A],TOP,TOP,1
4,snp0000004,1,1000003,1.0,[G/A],TOP,TOP,1
5,snp0000005,1,1000004,1.0,[G/A],TOP,TOP,1
6,snp0000006,1,1000005,1.0,[G/A],TOP,TOP,1
7,snp0000007,1,1000006,1.0,[G/A],TOP,TOP,1
8,snp0000008,1,1000007,1.0,[G/A],TOP,TOP,1
9,snp0000009,1,1000008,1.0,[G/A],TOP,TOP,1
10,snp0000010,1,1000009,1.0,[G/A],TOP,TOP,1
11,snp0000011,2,1000010,1.0,[G/A],TOP,TOP,1
12,snp0000012,2,2000011,1.0,[G/A],TOP,TOP,1
13,snp0000013,2,2000012,1.0,[G/A],TOP,TOP,1
14,snp0000014,2,2000013,1.0,[G/A],TOP,TOP,1
15,snp0000015,2,2000014,1.0,[G/A],TOP,TOP,1
16,snp0000016,2,2000015,1.0,[G/A],TOP,TOP,1
17,snp0000017,2,2000016,1.0,[G/A],TOP,TOP,1
18,snp0000018,2,2000017,1.0,[G/A],TOP,TOP,1
19,snp0000019,2,2000018,1.0,[G/A],TOP,TOP,1
20,snp0000020,2,2000019,1.0,[G/A],TOP,TOP,1
21,snp0000021,3,2000020,1.0,[G/A],TOP,TOP,1
22,snp0000022,3,3000021,1.0,[G/A],TOP,TOP,1
23,snp0000023,3,3000022,1.0,[G/A],TOP,TOP,1
24,snp0000024,3,3000023,1.0,[G/A],TOP,TOP,1
25,snp0000025,3,3000024,1.0,[G/A],TOP,TOP,1
26,snp0000026,3,3000025,1.0,[G/A],TOP,TOP,1
27,snp0000027,3,3000026,1.0,[G/A],TOP,TOP,1
28,snp0000028,3,3000027,1.0,[G/A],TOP,TOP,1
29,snp0000029,3,3000028,1.0,[G/A],TOP,TOP,1
30,snp0000030,3,3000029,1.0,[G/A],TOP,TOP,1
31,snp0000031,4,3000030,1.0,[G/A],TOP,TOP,1
32,snp0000032,4,4000031,1.0,[G/A],TOP,TOP,1
33,snp0000033,4,4000032,1.0,[G/A],TOP,TOP,1
34,snp0000034,4,4000033,1.0,[G/A],TOP,TOP,1
35,snp0000035,4,4000034,1.0,[G/A],TOP,TOP,1
36,snp0000036,4,4000035,1.0,[G/A],TOP,TOP,1
37,snp0000037,4,4000036,1.0,[G/A],TOP,TOP,1
38,snp0000038,4,4000037,1.0,[G/A],TOP,TOP,1
39,snp0000039,4,4000038,1.0,[G/A],TOP,TOP,1
40,snp0000040,4,4000039,1.0,[G/A],TOP,TOP,1
41,snp0000041,5,4000040,1.0,[G/A],TOP,TOP,1
42,snp0000042,5,5000041,1.0,[G/A],TOP,TOP,1
43,snp0000043,5,5000042,1.0,[G/A],TOP,TOP,1
44,snp0000044,5,5000043,1.0,[G/A],TOP,TOP,1
45,snp0000045,5,5000044,1.0,[G/A],TOP,TOP,1
46,snp0000046,5,5000045,1.0,[G/A],TOP,TOP,1
47,snp0000047,5,5000046,1.0,[G/A],TOP,TOP,1
48,snp0000048,5,5000047,1.0,[G/A],TOP,TOP,1
49,snp0000049,5,5000048,1.0,[G/A],TOP,TOP,1
50,snp0000050,5,5000049,1.0,[G/A],TOP,TOP,1
51,snp0000051,6,5000050,1.0,[G/A],TOP,TOP,1
52,snp0000052,6,6000051,1.0,[G/A],TOP,TOP,1
53,snp0000053,6,6000052,1.0,[G/A],TOP,TOP,1
54,snp0000054,6,6000053,1.0,[G/A],TOP,TOP,1
55,snp0000055,6,6000054,1.0,[G/A],TOP,TOP,1
56,snp0000056,6,6000055,1.0,[G/A],TOP,TOP,1
57,snp0000057,6,6000056,1.0,[G/A],TOP,TOP,1
58,snp0000058,6,6000057,1.0,[G/A],TOP,TOP,1
59,snp0000059,6,6000058,1.0,[G/A],TOP,TOP,1
60,snp0000060,6,6000059,1.0,[G/A],TOP,TOP,1
61,snp0000061,7,6000060,1.0,[G/A],TOP,TOP,1
62,snp0000062,7,7000061,1.0,[G/A],TOP,TOP,1
63,snp0000063,7,7000062,1.0,[G/A],TOP,TOP,1
64,snp0000064,7,7000063,1.0,[G/A],TOP,TOP,1
65,snp0000065,7,7000064,1.0,[G/A],TOP,TOP,1
66,snp0000066,7,7000065,1.0,[G/A],TOP,TOP,1
67,snp0000067,7,7000066,1.0,[G/A],TOP,TOP,1
68,snp0000068,7,7000067,1.0,[G/A],TOP,TOP,1
69,snp0000069,7,7000068,1.0,[G/A],TOP,TOP,1
70,snp0000070,7,7000069,1.0,[G/A],TOP,TOP,1
71,snp0000071,8,7000070,1.0,[G/A],TOP,TOP,1
72,snp0000072,8,8000071,1.0,[G/A],TOP,TOP,1
73,snp0000073,8,8000072,1.0,[G/A],TOP,TOP,1
74,snp0000074,8,8000073,1.0,[G/A],TOP,TOP,1
75,snp0000075,8,8000074,1.0,[G/A],TOP,TOP,1
76,snp0000076,8,8000075,1.0,[G/A],TOP,TOP,1
77,snp0000077,8,8000076,1.0,[G/A],TOP,TOP,1
78,snp0000078,8,8000077,1.0,[G/A],TOP,TOP,1
79,snp0000079,8,8000078,1.0,[G/A],TOP,TOP,1
80,snp0000080,8,8000079,1.0,[G/A],TOP,TOP,1
81,snp0000081,9,8000080,1.0,[G/A],TOP,TOP,1
82,snp0000082,9,9000081,1.0,[G/A],TOP,TOP,1
83,snp0000083,9,9000082,1.0,[G/A],TOP,TOP,1
84,snp0000084,9,9000083,1.0,[G/A],TOP,TOP,1
85,snp0000085,9,9000084,1.0,[G/A],TOP,TOP,1
86,snp0000086,9,9000085,1.0,[G/A],TOP,TOP,1
87,snp0000087,9,9000086,1.0,[G/A],TOP,TOP,1
88,snp0000088,9,9000087,1.0,[G/A],TOP,TOP,1
89,snp0000089,9,9000088,1.0,[G/A],TOP,TOP,1
90,snp0000090,9,9000089,1.0,[G/A],TOP,TOP,1
91,snp0000091,10,9000090,1.0,[G/A],TOP,TOP,1
92,snp0000092,10,10000091,1.0,[G/A],TOP,TOP,1
93,snp0000093,10,10000092,1.0,[G/A],TOP,TOP,1
94,snp0000094,10,10000093,1.0,[G/A],TOP,TOP,1
95,snp0000095,10,10000094,1.0,[G/A],TOP,TOP,1
96,snp0000096,10,10000095,1.0,[G/A],TOP,TOP,1
97,snp0000097,10,10000096,1.0,[G/A],TOP,TOP,1
98,snp0000098,10,10000097,1.0,[G/A],TOP,TOP,1
99,snp0000099,10,10000098,1.0,[G/A],TOP,TOP,1
100,snp0000100,10,10000099,1.0,[G/A],TOP,TOP,1
101,snp0000101,11,10000100,1.0,[G/A],TOP,TOP,1
102,snp0000102,11,11000101,1.0,[G/A],TOP,TOP,1
103,snp0000103,11,11000102,1.0,[G/A],TOP,TOP,1
104,snp0000104,11,11000103,1.0,[G/A],TOP,TOP,1
105,snp0000105,11,11000104,1.0,[G/A],TOP,TOP,1
106,snp0000106,11,11000105,1.0,[G/A],TOP,TOP,1
107,snp0000107,11,11000106,1.0,[G/A],TOP,TOP,1
108,snp0000108,11,11000107,1.0,[G/A],TOP,TOP,1
109,snp0000109,11,11000108,1.0,[G/A],TOP,TOP,1
110,snp0000110,11,11000109,1.0,[G/A],TOP,TOP,1
111,snp0000111,12,11000110,1.0,[G/A],TOP,TOP,1
112,snp0000112,12,12000111,1.0,[G/A],TOP,TOP,1
113,snp0000113,12,12000112,1.0,[G/A],TOP,TOP,1
114,snp0000114,12,12000113,1.0,[G/A],TOP,TOP,1
115,snp0000115,12,12000114,1.0,[G/A],TOP,TOP,1
116,snp0000116,12,12000115,1.0,[G/A],TOP,TOP,1
117,snp0000117,12,12000116,1.0,[G/A],TOP,TOP,1
118,snp0000118,12,12000117,1.0,[G/A],TOP,TOP,1
119,snp0000119,12,12000118,1.0,[G/A],TOP,TOP,1
120,snp0000120,12,12000119,1.0,[G/A],TOP,TOP,1
121,snp0000121,13,12000120,1.0,[G/A],TOP,TOP,1
122,snp0000122,13,13000121,1.0,[G/A],TOP,TOP,1
123,snp0000123,13,13000122,1.0,[G/A],TOP,TOP,1
124,snp0000124,13,13000123,1.0,[G/A],TOP,TOP,1
125,snp0000125,13,13000124,1.0,[G/A],TOP,TOP,1
126,snp0000126,13,13000125,1.0,[G/A],TOP,TOP,1
127,snp0000127,13,13000126,1.0,[G/A],TOP,TOP,1
128,snp0000128,13,13000127,1.0,[G/A],TOP,TOP,1
129,snp0000129,13,13000128,1.0,[G/A],TOP,TOP,1
130,snp0000130,13,13000129,1.0,[G/A],TOP,TOP,1
131,snp0000131,14,13000130,1.0,[G/A],TOP,TOP,1
132,snp0000132,14,14000131,1.0,[G/A],TOP,TOP,1
133,snp0000133,14,14000132,1.0,[G/A],TOP,TOP,1
134,snp0000134,14,14000133,1.0,[G/A],TOP,TOP,1
135,snp0000135,14,14000134,1.0,[G/A],TOP,TOP,1
136,snp0000136,14,14000135,1.0,[G/A],TOP,TOP,1
137,snp0000137,14,14000136,1.0,[G/A],TOP,TOP,1
138,snp0000138,14,14000137,1.0,[G/A],TOP,TOP,1
139,snp0000139,14,14000138,1.0,[G/A],TOP,TOP,1
140,snp0000140,14,14000139,1.0,[G/A],TOP,TOP,1
141,snp0000141,15,14000140,1.0,[G/A],TOP,TOP,1
142,snp0000142,15,15000141,1.0,[G/A],TOP,TOP,1
143,snp0000143,15,15000142,1.0,[G/A],TOP,TOP,1
144,snp0000144,15,15000143,1.0,[G/A],TOP,TOP,1
145,snp0000145,15,15000144,1.0,[G/A],TOP,TOP,1
146,snp0000146,15,15000145,1.0,[G/A],TOP,TOP,1
147,snp0000147,15,15000146,1.0,[G/A],TOP,TOP,1
148,snp0000148,15,15000147,1.0,[G/A],TOP,TOP,1
149,snp0000149,15,15000148,1.0,[G/A],TOP,TOP,1
150,snp0000150,15,15000149,1.0,[G/A],TOP,TOP,1
151,snp0000151,16,15000150,1.0,[G/A],TOP,TOP,1
152,snp0000152,16,16000151,1.0,[G/A],TOP,TOP,1
153,snp0000153,16,16000152,1.0,[G/A],TOP,TOP,1
154,snp0000154,16,16000153,1.0,[G/A],TOP,TOP,1
155,snp0000155,16,16000154,1.0,[G/A],TOP,TOP,1
156,snp0000156,16,16000155,1.0,[G/A],TOP,TOP,1
157,snp0000157,16,16000156,1.0,[G/A],TOP,TOP,1
158,snp0000158,16,16000157,1.0,[G/A],TOP,TOP,1
159,snp0000159,16,16000158,1.0,[G/A],TOP,TOP,1
160,snp0000160,16,16000159,1.0,[G/A],TOP,TOP,1
161,snp0000161,17,16000160,1.0,[G/A],TOP,TOP,1
162,snp0000162,17,17000161,1.0,[G/A],TOP,TOP,1
163,snp0000163,17,17000162,1.0,[G/A],TOP,TOP,1
164,snp0000164,17,17000163,1.0,[G/A],TOP,TOP,1
165,snp0000165,17,17000164,1.0,[G/A],TOP,TOP,1
166,snp0000166,17,17000165,1.0,[G/A],TOP,TOP,1
167,snp0000167,17,17000166,1.0,[G/A],TOP,TOP,1
168,snp0000168,17,17000167,1.0,[G/A],TOP,TOP,1
169,snp0000169,17,17000168,1.0,[G/A],TOP,TOP,1
170,snp0000170,17,17000169,1.0,[G/A],TOP,TOP,1
171,snp0000171,18,17000170,1.0,[G/A],TOP,TOP,1
172,snp0000172,18,18000171,1.0,[G/A],TOP,TOP,1
173,snp0000173,18,18000172,1.0,[G/A],TOP,TOP,1
174,snp0000174,18,18000173,1.0,[G/A],TOP,TOP,1
175,snp0000175,18,18000174,1.0,[G/A],TOP,TOP,1
176,snp0000176,18,18000175,1.0,[G/A],TOP,TOP,1
177,snp0000177,18,18000176,1.0,[G/A],TOP,TOP,1
178,snp0000178,18,18000177,1.0,[G/A],TOP,TOP,1
179,snp0000179,18,18000178,1.0,[G/A],TOP,TOP,1
180,snp0000180,18,18000179,1.0,[G/A],TOP,TOP,1
181,snp0000181,19,18000180,1.0,[G/A],TOP,TOP,1
182,snp0000182,19,19000181,1.0,[G/A],TOP,TOP,1
183,snp0000183,19,19000182,1.0,[G/A],TOP,TOP,1
184,snp0000184,19,19000183,1.0,[G/A],TOP,TOP,1
185,snp0000185,19,19000184,1.0,[G/A],TOP,TOP,1
186,snp0000186,19,19000185,1.0,[G/A],TOP,TOP,1
187,snp0000187,19,19000186,1.0,[G/A],TOP,TOP,1
188,snp0000188,19,19000187,1.0,[G/A],TOP,TOP,1
189,snp0000189,19,19000188,1.0,[G/A],TOP,TOP,1
190,snp0000190,19,19000189,1.0,[G/A],TOP,TOP,1
191,snp0000191,20,19000190,1.0,[G/A],TOP,TOP,1
192,snp0000192,20,20000191,1.0,[G/A],TOP,TOP,1
193,snp0000193,20,20000192,1.0,[G/A],TOP,TOP,1
194,snp0000194,20,20000193,1.0,[G/A],TOP,TOP,1
195,snp0000195,20,20000194,1.0,[G/A],TOP,TOP,1
196,snp0000196,20,20000195,1.0,[G/A],TOP,TOP,1
197,snp0000197,20,20000196,1.0,[G/A],TOP,TOP,1
198,snp0000198,20,20000197,1.0,[G/A],TOP,TOP,1
199,snp0000199,20,20000198,1.0,[G/A],TOP,TOP,1
200,snp0000200,20,20000199,1.0,[G/A],TOP,TOP,1
201,snp0000201,21,20000200,1.0,[G/A],TOP,TOP,1
202,snp0000202,21,21000201,1.0,[G/A],TOP,TOP,1
203,snp0000203,21,21000202,1.0,[G/A],TOP,TOP,1
204,snp0000204,21,21000203,1.0,[G/A],TOP,TOP,1
205,snp0000205,21,21000204,1.0,[G/A],TOP,TOP,1
206,snp0000206,21,21000205,1.0,[G/A],TOP,TOP,1
207,snp0000207,21,21000206,1.0,[G/A],TOP,TOP,1
208,snp0000208,21,21000207,1.0,[G/A],TOP,TOP,1
209,snp0000209,21,21000208,1.0,[G/A],TOP,TOP,1
210,snp0000210,21,21000209,1.0,[G/A],TOP,TOP,1
211,snp0000211,22,21000210,1.0,[G/A],TOP,TOP,1
212,snp0000212,22,22000211,1.0,[G/A],TOP,TOP,1
213,snp0000213,22,22000212,1.0,[G/A],TOP,TOP,1
214,snp0000214,22,22000213,1.0,[G/A],TOP,TOP,1
215,snp0000215,22,22000214,1.0,[G/A],TOP,TOP,1
216,snp0000216,22,22000215,1.0,[G/A],TOP,TOP,1
217,snp0000217,22,22000216,1.0,[G/A],TOP,TOP,1
218,snp0000218,22,22000217,1.0,[G/A],TOP,TOP,1
219,snp0000219,22,22000218,1.0,[G/A],TOP,TOP,1
220,snp0000220,22,22000219,1.0,[G/A],TOP,TOP,1
221,snp0000221,23,22000220,1.0,[G/A],TOP,TOP,1
222,snp0000222,23,23000221,1.0,[G/A],TOP,TOP,1
223,snp0000223,23,23000222,1.0,[G/A],TOP,TOP,1
224,snp0000224,23,23000223,1.0,[G/A],TOP,TOP,1
225,snp0000225,23,23000224,1.0,[G/A],TOP,TOP,1
226,snp0000226,23,23000225,1.0,[G/A],TOP,TOP,1
227,snp0000227,23,23000226,1.0,[G/A],TOP,TOP,1
228,snp0000228,23,23000227,1.0,[G/A],TOP,TOP,1
229,snp0000229,23,23000228,1.0,[G/A],TOP,TOP,1
230,snp0000230,23,23000229,1.0,[G/A],TOP,TOP,1
